-- MariaDB dump 10.19  Distrib 10.5.15-MariaDB, for debian-linux-gnu (x86_64)
--
-- Host: localhost    Database: zoom
-- ------------------------------------------------------
-- Server version	10.5.15-MariaDB-0+deb11u1

/*!40101 SET @OLD_CHARACTER_SET_CLIENT=@@CHARACTER_SET_CLIENT */;
/*!40101 SET @OLD_CHARACTER_SET_RESULTS=@@CHARACTER_SET_RESULTS */;
/*!40101 SET @OLD_COLLATION_CONNECTION=@@COLLATION_CONNECTION */;
/*!40101 SET NAMES utf8mb4 */;
/*!40103 SET @OLD_TIME_ZONE=@@TIME_ZONE */;
/*!40103 SET TIME_ZONE='+00:00' */;
/*!40014 SET @OLD_UNIQUE_CHECKS=@@UNIQUE_CHECKS, UNIQUE_CHECKS=0 */;
/*!40014 SET @OLD_FOREIGN_KEY_CHECKS=@@FOREIGN_KEY_CHECKS, FOREIGN_KEY_CHECKS=0 */;
/*!40101 SET @OLD_SQL_MODE=@@SQL_MODE, SQL_MODE='NO_AUTO_VALUE_ON_ZERO' */;
/*!40111 SET @OLD_SQL_NOTES=@@SQL_NOTES, SQL_NOTES=0 */;

--
-- Table structure for table `invitedMeetings`
--

DROP TABLE IF EXISTS `invitedMeetings`;
/*!40101 SET @saved_cs_client     = @@character_set_client */;
/*!40101 SET character_set_client = utf8 */;
CREATE TABLE `invitedMeetings` (
  `invite_id` int(11) NOT NULL AUTO_INCREMENT,
  `email` varchar(1024) DEFAULT NULL,
  `zoom_meeting_id` bigint(11) DEFAULT NULL,
  `invite_by_email` varchar(1024) DEFAULT NULL,
  `zoom_join_url` varchar(1024) DEFAULT NULL,
  `date_created` datetime DEFAULT current_timestamp(),
  PRIMARY KEY (`invite_id`)
) ENGINE=InnoDB AUTO_INCREMENT=76 DEFAULT CHARSET=utf8mb4;
/*!40101 SET character_set_client = @saved_cs_client */;

--
-- Dumping data for table `invitedMeetings`
--

LOCK TABLES `invitedMeetings` WRITE;
/*!40000 ALTER TABLE `invitedMeetings` DISABLE KEYS */;
INSERT INTO `invitedMeetings` VALUES (1,'jaseem@speechlogix.com',89990869389,'sibi@speechlogix.com',' https://xlogixfs.xlogix.ca?type=join&meetingNo=89990869389&password=','2022-06-13 06:54:12'),(2,'aleena@speechlogix.com',82843060042,'sibi@speechlogix.com',' https://xlogixfs.xlogix.ca?type=join&meetingNo=82843060042&password=','2022-06-13 10:45:31'),(3,'aleena@speechlogix.com',82843060042,'sibi@speechlogix.com',' https://xlogixfs.xlogix.ca?type=join&meetingNo=82843060042&password=','2022-06-13 10:52:22'),(4,'test33@speechlogix.com',82843060042,'sibi@speechlogix.com',' https://xlogixfs.xlogix.ca?type=join&meetingNo=82843060042&password=','2022-06-13 10:53:56'),(5,'jaseem@speechlogix.com',82843060042,'sibi@speechlogix.com',' https://xlogixfs.xlogix.ca?type=join&meetingNo=82843060042&password=','2022-06-13 10:53:56'),(6,'rasheed@speechlogix.com',82843060042,'sibi@speechlogix.com',' https://xlogixfs.xlogix.ca?type=join&meetingNo=82843060042&password=','2022-06-13 10:53:56'),(7,'test34@speechlogix.com',82843060042,'sibi@speechlogix.com',' https://xlogixfs.xlogix.ca?type=join&meetingNo=82843060042&password=','2022-06-13 10:53:56'),(8,'test45@speechlogix.com',82843060042,'sibi@speechlogix.com',' https://xlogixfs.xlogix.ca?type=join&meetingNo=82843060042&password=','2022-06-13 10:53:56'),(9,'aleena@speechlogix.com',82843060042,'sibi@speechlogix.com',' https://xlogixfs.xlogix.ca?type=join&meetingNo=82843060042&password=','2022-06-13 10:53:56'),(10,'test33@speechlogix.com',82843060042,'sibi@speechlogix.com',' https://xlogixfs.xlogix.ca?type=join&meetingNo=82843060042&password=','2022-06-13 10:53:56'),(11,'rasheed@speechlogix.com',82843060042,'sibi@speechlogix.com',' https://xlogixfs.xlogix.ca?type=join&meetingNo=82843060042&password=','2022-06-13 10:53:56'),(12,'aleena@speechlogix.com',82843060042,'sibi@speechlogix.com',' https://xlogixfs.xlogix.ca?type=join&meetingNo=82843060042&password=','2022-06-13 10:53:56'),(13,'rasheed@speechlogix.com',82843060042,'sibi@speechlogix.com',' https://xlogixfs.xlogix.ca?type=join&meetingNo=82843060042&password=','2022-06-13 10:55:46'),(14,'test33@speechlogix.com',82843060042,'sibi@speechlogix.com',' https://xlogixfs.xlogix.ca?type=join&meetingNo=82843060042&password=','2022-06-13 10:56:28'),(15,'rasheed@speechlogix.com',82843060042,'sibi@speechlogix.com',' https://xlogixfs.xlogix.ca?type=join&meetingNo=82843060042&password=','2022-06-13 10:56:28'),(16,'aleena@speechlogix.com',82843060042,'sibi@speechlogix.com',' https://xlogixfs.xlogix.ca?type=join&meetingNo=82843060042&password=','2022-06-13 10:56:28'),(17,'jaseem@speechlogix.com',82843060042,'sibi@speechlogix.com',' https://xlogixfs.xlogix.ca?type=join&meetingNo=82843060042&password=','2022-06-13 10:56:28'),(18,'test45@speechlogix.com',82843060042,'sibi@speechlogix.com',' https://xlogixfs.xlogix.ca?type=join&meetingNo=82843060042&password=','2022-06-13 10:56:28'),(19,'test34@speechlogix.com',82843060042,'sibi@speechlogix.com',' https://xlogixfs.xlogix.ca?type=join&meetingNo=82843060042&password=','2022-06-13 10:56:28'),(20,'jaseem@speechlogix.com',82843060042,'sibi@speechlogix.com',' https://xlogixfs.xlogix.ca?type=join&meetingNo=82843060042&password=','2022-06-13 10:59:41'),(21,'test33@speechlogix.com',82843060042,'sibi@speechlogix.com',' https://xlogixfs.xlogix.ca?type=join&meetingNo=82843060042&password=','2022-06-13 11:00:42'),(22,'rasheed@speechlogix.com',82843060042,'sibi@speechlogix.com',' https://xlogixfs.xlogix.ca?type=join&meetingNo=82843060042&password=','2022-06-13 11:00:42'),(23,'test45@speechlogix.com',82843060042,'sibi@speechlogix.com',' https://xlogixfs.xlogix.ca?type=join&meetingNo=82843060042&password=','2022-06-13 11:00:42'),(24,'jaseem@speechlogix.com',82843060042,'sibi@speechlogix.com',' https://xlogixfs.xlogix.ca?type=join&meetingNo=82843060042&password=','2022-06-13 11:00:42'),(25,'test34@speechlogix.com',82843060042,'sibi@speechlogix.com',' https://xlogixfs.xlogix.ca?type=join&meetingNo=82843060042&password=','2022-06-13 11:00:42'),(26,'aleena@speechlogix.com',82843060042,'sibi@speechlogix.com',' https://xlogixfs.xlogix.ca?type=join&meetingNo=82843060042&password=','2022-06-13 11:00:42'),(27,'sibi@speechlogix.com',81965179463,'jaseem@speechlogix.com','https://xlogixfs.xlogix.ca?type=join&meetingNo=81965179463&password=','2022-06-13 11:01:55'),(28,'test33@speechlogix.com',81965179463,'jaseem@speechlogix.com','https://xlogixfs.xlogix.ca?type=join&meetingNo=81965179463&password=','2022-06-13 11:01:55'),(29,'rasheed@speechlogix.com',81965179463,'jaseem@speechlogix.com','https://xlogixfs.xlogix.ca?type=join&meetingNo=81965179463&password=','2022-06-13 11:01:55'),(30,'test34@speechlogix.com',81965179463,'jaseem@speechlogix.com','https://xlogixfs.xlogix.ca?type=join&meetingNo=81965179463&password=','2022-06-13 11:01:55'),(31,'test45@speechlogix.com',81965179463,'jaseem@speechlogix.com','https://xlogixfs.xlogix.ca?type=join&meetingNo=81965179463&password=','2022-06-13 11:01:55'),(32,'aleena@speechlogix.com',81965179463,'jaseem@speechlogix.com','https://xlogixfs.xlogix.ca?type=join&meetingNo=81965179463&password=','2022-06-13 11:01:55'),(33,'sibi@speechlogix.com',83542471745,'jaseem@speechlogix.com',' https://xlogixfs.xlogix.ca?type=join&meetingNo=83542471745&password=','2022-06-13 12:08:43'),(34,'test33@speechlogix.com',83542471745,'jaseem@speechlogix.com',' https://xlogixfs.xlogix.ca?type=join&meetingNo=83542471745&password=','2022-06-13 12:08:43'),(35,'jaseem@speechlogix.com',81771448682,'sibi@speechlogix.com',' https://xlogixfs.xlogix.ca?type=join&meetingNo=81771448682&password=','2022-06-14 04:10:53'),(36,'sibi@speechlogix.com',87368423313,'jaseem@speechlogix.com',' https://xlogixfs.xlogix.ca?type=join&meetingNo=87368423313&password=','2022-06-14 05:13:01'),(37,'aleena@speechlogix.com',83337823733,'sibi@speechlogix.com',' https://xlogixfs.xlogix.ca?type=join&meetingNo=83337823733&password=','2022-06-14 07:37:30'),(38,'aleena@speechlogix.com',88336268692,'sibi@speechlogix.com',' https://xlogixfs.xlogix.ca?type=join&meetingNo=88336268692&password=','2022-06-14 10:56:56'),(39,'sibi@speechlogix.com',83563716733,'jaseem@speechlogix.com',' https://xlogixfs.xlogix.ca?type=join&meetingNo=83563716733&password=','2022-06-16 09:42:05'),(40,'sibi@speechlogix.com',83563716733,'jaseem@speechlogix.com',' https://xlogixfs.xlogix.ca?type=join&meetingNo=83563716733&password=','2022-06-16 09:43:46'),(41,'test33@speechlogix.com',86203324026,'sibi@speechlogix.com',' https://xlogixfs.xlogix.ca?type=join&meetingNo=86203324026&password=','2022-06-19 15:06:51'),(42,'test33@speechlogix.com',81207035785,'sibi@speechlogix.com','https://xlogixfs.xlogix.ca?type=join&meetingNo=81207035785&password=','2022-06-21 07:36:04'),(43,'jaseem@speechlogix.com',81207035785,'sibi@speechlogix.com','https://xlogixfs.xlogix.ca?type=join&meetingNo=81207035785&password=','2022-06-21 07:36:04'),(44,'rasheed@speechlogix.com',81207035785,'sibi@speechlogix.com','https://xlogixfs.xlogix.ca?type=join&meetingNo=81207035785&password=','2022-06-21 07:36:04'),(45,'aleena@speechlogix.com',81207035785,'sibi@speechlogix.com','https://xlogixfs.xlogix.ca?type=join&meetingNo=81207035785&password=','2022-06-21 07:36:04'),(46,'test34@speechlogix.com',81207035785,'sibi@speechlogix.com','https://xlogixfs.xlogix.ca?type=join&meetingNo=81207035785&password=','2022-06-21 07:36:04'),(47,'test45@speechlogix.com',81207035785,'sibi@speechlogix.com','https://xlogixfs.xlogix.ca?type=join&meetingNo=81207035785&password=','2022-06-21 07:36:04'),(48,'shabeeb@speechlogix.com',81207035785,'sibi@speechlogix.com','https://xlogixfs.xlogix.ca?type=join&meetingNo=81207035785&password=','2022-06-21 07:36:04'),(49,'jaseem@speechlogix.com',82507066311,'sibi@speechlogix.com',' https://xlogixfs.xlogix.ca?type=join&meetingNo=82507066311&password=','2022-06-21 12:13:45'),(50,'ios1@speechlogix.com',87061659009,'jaseem@speechlogix.com','https://xlogixfs.xlogix.ca?type=join&meetingNo=87061659009&password=','2022-06-22 08:56:20'),(51,'ios1@speechlogix.com',83600714585,'jaseem@speechlogix.com',' https://xlogixfs.xlogix.ca?type=join&meetingNo=83600714585&password=','2022-06-24 05:38:17'),(52,'ios1@speechlogix.com',86237626466,'jaseem@speechlogix.com',' https://xlogixfs.xlogix.ca?type=join&meetingNo=86237626466&password=','2022-06-24 05:44:59'),(53,'ios1@speechlogix.com',82398843055,'jaseem@speechlogix.com',' https://xlogixfs.xlogix.ca?type=join&meetingNo=82398843055&password=','2022-06-24 10:25:59'),(54,'sibi@speechlogix.com',85071603882,'jaseem@speechlogix.com','https://xlogixfs.xlogix.ca?type=join&meetingNo=85071603882&password=','2022-06-28 09:26:04'),(55,'ios1@speechlogix.com',87902256340,'sibi@speechlogix.com',' https://xlogixfs.xlogix.ca?type=join&meetingNo=87902256340&password=','2022-07-07 20:03:17'),(56,'jaseem@speechlogix.com',85713443834,'sibi@speechlogix.com',' https://xlogixfs.xlogix.ca?type=join&meetingNo=85713443834&password=','2022-07-14 17:55:33'),(57,'sibi@speechlogix.com',81463293971,'shabeeb@speechlogix.com','https://xlogixfs.xlogix.ca?type=join&meetingNo=81463293971&password=','2022-08-18 11:49:16'),(58,'rasheed@speechlogix.com',81463293971,'shabeeb@speechlogix.com','https://xlogixfs.xlogix.ca?type=join&meetingNo=81463293971&password=','2022-08-18 11:49:16'),(59,'jaseem@speechlogix.com',83898196849,'shabeeb@speechlogix.com',' https://xlogixfs.xlogix.ca?type=join&meetingNo=83898196849&password=','2022-08-23 11:19:25'),(60,'rasheed@speechlogix.com',83898196849,'shabeeb@speechlogix.com',' https://xlogixfs.xlogix.ca?type=join&meetingNo=83898196849&password=','2022-08-23 11:19:25'),(61,'shabeeb@speechlogix.com',84640753498,'rasheed@speechlogix.com','https://xlogixfs.xlogix.ca?type=join&meetingNo=84640753498&password=','2022-08-29 18:02:44'),(62,'sibi@speechlogix.com',NULL,'jaseem@speechlogix.com',NULL,'2022-09-05 04:50:09'),(63,'test33@speechlogix.com',NULL,'sibi@speechlogix.com',NULL,'2022-09-05 04:50:54'),(64,'jaseem@speechlogix.com',NULL,'sibi@speechlogix.com',NULL,'2022-09-05 04:50:54'),(65,'test34@speechlogix.com',NULL,'sibi@speechlogix.com',NULL,'2022-09-05 04:50:54'),(66,'test@isv.speechlogix.com',NULL,'sibi@speechlogix.com',NULL,'2022-09-05 04:50:54'),(67,'jaseem@isv.speechlogix.com',NULL,'sibi@speechlogix.com',NULL,'2022-09-05 04:50:54'),(68,'sibi@isv.speechlogix.com',NULL,'sibi@speechlogix.com',NULL,'2022-09-05 04:50:54'),(69,'nedal@isv.speechlogix.com',NULL,'sibi@speechlogix.com',NULL,'2022-09-05 04:50:54'),(70,'sambhu@speechlogix.com',NULL,'sibi@speechlogix.com',NULL,'2022-09-05 04:50:54'),(71,'ios1@speechlogix.com',NULL,'sibi@speechlogix.com',NULL,'2022-09-05 04:50:54'),(72,'test45@speechlogix.com',NULL,'sibi@speechlogix.com',NULL,'2022-09-05 04:50:54'),(73,'shabeeb@speechlogix.com',NULL,'sibi@speechlogix.com',NULL,'2022-09-05 04:50:54'),(74,'aleena@speechlogix.com',NULL,'sibi@speechlogix.com',NULL,'2022-09-05 04:50:54'),(75,'rasheed@speechlogix.com',NULL,'sibi@speechlogix.com',NULL,'2022-09-05 04:50:54');
/*!40000 ALTER TABLE `invitedMeetings` ENABLE KEYS */;
UNLOCK TABLES;

--
-- Table structure for table `meeting`
--

DROP TABLE IF EXISTS `meeting`;
/*!40101 SET @saved_cs_client     = @@character_set_client */;
/*!40101 SET character_set_client = utf8 */;
CREATE TABLE `meeting` (
  `meeting_id` int(11) NOT NULL AUTO_INCREMENT,
  `meeting_topic` varchar(1024) NOT NULL,
  `scheduled_date` datetime NOT NULL,
  `zoom_meeting_id` bigint(11) NOT NULL,
  `email` varchar(64) DEFAULT NULL,
  `zoom_start_url` varchar(1024) DEFAULT NULL,
  `zoom_join_url` varchar(1024) DEFAULT NULL,
  `date_created` datetime DEFAULT current_timestamp(),
  PRIMARY KEY (`meeting_id`)
) ENGINE=InnoDB AUTO_INCREMENT=95 DEFAULT CHARSET=utf8mb4;
/*!40101 SET character_set_client = @saved_cs_client */;

--
-- Dumping data for table `meeting`
--

LOCK TABLES `meeting` WRITE;
/*!40000 ALTER TABLE `meeting` DISABLE KEYS */;
INSERT INTO `meeting` VALUES (2,'Topic 1','2022-06-10 18:00:00',84588243224,'jaseem@speechlogix.com','https://us06web.zoom.us/s/84588243224?zak=eyJ0eXAiOiJKV1QiLCJzdiI6IjAwMDAwMSIsInptX3NrbSI6InptX28ybSIsImFsZyI6IkhTMjU2In0.eyJhdWQiOiJjbGllbnRzbSIsInVpZCI6IjV6d3pfcGVYU2FDbnRrMk1hQlRzeVEiLCJpc3MiOiJ3ZWIiLCJzayI6IjAiLCJzdHkiOjk5LCJ3Y2QiOiJ1czA2IiwiY2x0IjowLCJtbnVtIjoiODQ1ODgyNDMyMjQiLCJleHAiOjE2NjI2MzMzNDAsImlhdCI6MTY1NDg1NzM0MCwiYWlkIjoiUXRyZkYtZnZRQ2UyM1RwWlFncFpuQSIsImNpZCI6IiJ9.Q6a6YHz9rq1v_2eZMnXvgi9ENDISwrVw3IW9u2qpbb4','https://us06web.zoom.us/j/84588243224','2022-06-10 10:35:40'),(4,'topic2','2022-06-12 09:05:00',81858035300,'sibi@speechlogix.com','https://us06web.zoom.us/s/81858035300?zak=eyJ0eXAiOiJKV1QiLCJzdiI6IjAwMDAwMSIsInptX3NrbSI6InptX28ybSIsImFsZyI6IkhTMjU2In0.eyJhdWQiOiJjbGllbnRzbSIsInVpZCI6IkVWU1c0UHRKUTZLejR3Wmo4QXpoN3ciLCJpc3MiOiJ3ZWIiLCJzayI6IjAiLCJzdHkiOjk5LCJ3Y2QiOiJ1czA2IiwiY2x0IjowLCJtbnVtIjoiODE4NTgwMzUzMDAiLCJleHAiOjE2NjI3NzAxMjAsImlhdCI6MTY1NDk5NDEyMCwiYWlkIjoiUXRyZkYtZnZRQ2UyM1RwWlFncFpuQSIsImNpZCI6IiJ9.m2JvVNU78VqcpVHq43Wr03ONdTKwoRms5qV_IL5wfMM','https://us06web.zoom.us/j/81858035300','2022-06-12 00:35:20'),(7,'Test','2022-06-13 16:00:00',82843060042,'sibi@speechlogix.com','https://us06web.zoom.us/s/82843060042?zak=eyJ0eXAiOiJKV1QiLCJzdiI6IjAwMDAwMSIsInptX3NrbSI6InptX28ybSIsImFsZyI6IkhTMjU2In0.eyJhdWQiOiJjbGllbnRzbSIsInVpZCI6IkVWU1c0UHRKUTZLejR3Wmo4QXpoN3ciLCJpc3MiOiJ3ZWIiLCJzayI6IjAiLCJzdHkiOjk5LCJ3Y2QiOiJ1czA2IiwiY2x0IjowLCJtbnVtIjoiODI4NDMwNjAwNDIiLCJleHAiOjE2NjI4OTIwNTEsImlhdCI6MTY1NTExNjA1MSwiYWlkIjoiUXRyZkYtZnZRQ2UyM1RwWlFncFpuQSIsImNpZCI6IiJ9.Mc3KzQbsPaGtT_IjUsNb9D_giGRyajKdyVcJ7uik240','https://us06web.zoom.us/j/82843060042','2022-06-13 10:27:31'),(11,'Ghdhs','2022-06-13 16:48:00',83542471745,'jaseem@speechlogix.com','https://us06web.zoom.us/s/83542471745?zak=eyJ0eXAiOiJKV1QiLCJzdiI6IjAwMDAwMSIsInptX3NrbSI6InptX28ybSIsImFsZyI6IkhTMjU2In0.eyJhdWQiOiJjbGllbnRzbSIsInVpZCI6IjV6d3pfcGVYU2FDbnRrMk1hQlRzeVEiLCJpc3MiOiJ3ZWIiLCJzayI6IjAiLCJzdHkiOjk5LCJ3Y2QiOiJ1czA2IiwiY2x0IjowLCJtbnVtIjoiODM1NDI0NzE3NDUiLCJleHAiOjE2NjI4OTQ5OTIsImlhdCI6MTY1NTExODk5MiwiYWlkIjoiUXRyZkYtZnZRQ2UyM1RwWlFncFpuQSIsImNpZCI6IiJ9.G2G7XZ1HMwh332GTHshvpRvmaadvzz0WfUh3la7urQY','https://us06web.zoom.us/j/83542471745','2022-06-13 11:16:32'),(17,'Test','2022-06-14 13:21:00',88336268692,'sibi@speechlogix.com','https://us06web.zoom.us/s/88336268692?zak=eyJ0eXAiOiJKV1QiLCJzdiI6IjAwMDAwMSIsInptX3NrbSI6InptX28ybSIsImFsZyI6IkhTMjU2In0.eyJhdWQiOiJjbGllbnRzbSIsInVpZCI6IkVWU1c0UHRKUTZLejR3Wmo4QXpoN3ciLCJpc3MiOiJ3ZWIiLCJzayI6IjAiLCJzdHkiOjk5LCJ3Y2QiOiJ1czA2IiwiY2x0IjowLCJtbnVtIjoiODgzMzYyNjg2OTIiLCJleHAiOjE2NjI5NjkxMDMsImlhdCI6MTY1NTE5MzEwMywiYWlkIjoiUXRyZkYtZnZRQ2UyM1RwWlFncFpuQSIsImNpZCI6IiJ9.LPmzjKJ-Y8AwXbkfly7xonty_l_LN_ebWtGrk36Y1Cg','https://us06web.zoom.us/j/88336268692','2022-06-14 07:51:43'),(18,'Hshha','2022-06-14 15:51:00',85003569528,'sibi@speechlogix.com','https://us06web.zoom.us/s/85003569528?zak=eyJ0eXAiOiJKV1QiLCJzdiI6IjAwMDAwMSIsInptX3NrbSI6InptX28ybSIsImFsZyI6IkhTMjU2In0.eyJhdWQiOiJjbGllbnRzbSIsInVpZCI6IkVWU1c0UHRKUTZLejR3Wmo4QXpoN3ciLCJpc3MiOiJ3ZWIiLCJzayI6IjAiLCJzdHkiOjk5LCJ3Y2QiOiJ1czA2IiwiY2x0IjowLCJtbnVtIjoiODUwMDM1Njk1MjgiLCJleHAiOjE2NjI5NzgxMDUsImlhdCI6MTY1NTIwMjEwNSwiYWlkIjoiUXRyZkYtZnZRQ2UyM1RwWlFncFpuQSIsImNpZCI6IiJ9.le-tztjOKmxQ5oQsHB01Bg8_sJ0hic_4G_PNtRGeVZY','https://us06web.zoom.us/j/85003569528','2022-06-14 10:21:45'),(19,'Hshajsj','2022-06-14 15:51:00',87007958031,'sibi@speechlogix.com','https://us06web.zoom.us/s/87007958031?zak=eyJ0eXAiOiJKV1QiLCJzdiI6IjAwMDAwMSIsInptX3NrbSI6InptX28ybSIsImFsZyI6IkhTMjU2In0.eyJhdWQiOiJjbGllbnRzbSIsInVpZCI6IkVWU1c0UHRKUTZLejR3Wmo4QXpoN3ciLCJpc3MiOiJ3ZWIiLCJzayI6IjAiLCJzdHkiOjk5LCJ3Y2QiOiJ1czA2IiwiY2x0IjowLCJtbnVtIjoiODcwMDc5NTgwMzEiLCJleHAiOjE2NjI5NzgxMTUsImlhdCI6MTY1NTIwMjExNSwiYWlkIjoiUXRyZkYtZnZRQ2UyM1RwWlFncFpuQSIsImNpZCI6IiJ9.nn6ULjRGyfUwvGNAf2mUSs5uKtlR66GPN84nAfLRVaU','https://us06web.zoom.us/j/87007958031','2022-06-14 10:21:55'),(20,'test','2022-06-15 14:15:00',86719001194,'sibi@speechlogix.com','https://us06web.zoom.us/s/86719001194?zak=eyJ0eXAiOiJKV1QiLCJzdiI6IjAwMDAwMSIsInptX3NrbSI6InptX28ybSIsImFsZyI6IkhTMjU2In0.eyJhdWQiOiJjbGllbnRzbSIsInVpZCI6IkVWU1c0UHRKUTZLejR3Wmo4QXpoN3ciLCJpc3MiOiJ3ZWIiLCJzayI6IjAiLCJzdHkiOjk5LCJ3Y2QiOiJ1czA2IiwiY2x0IjowLCJtbnVtIjoiODY3MTkwMDExOTQiLCJleHAiOjE2NjMwNDc3NDUsImlhdCI6MTY1NTI3MTc0NSwiYWlkIjoiUXRyZkYtZnZRQ2UyM1RwWlFncFpuQSIsImNpZCI6IiJ9.AeADZL7TXv98Gx5mD_KJe4wYzPg8H5jxB4STUOWZ4Rs','https://us06web.zoom.us/j/86719001194','2022-06-15 05:42:26'),(22,'Sync up','2022-06-16 17:15:00',88604924285,'sibi@speechlogix.com','https://us06web.zoom.us/s/88604924285?zak=eyJ0eXAiOiJKV1QiLCJzdiI6IjAwMDAwMSIsInptX3NrbSI6InptX28ybSIsImFsZyI6IkhTMjU2In0.eyJhdWQiOiJjbGllbnRzbSIsInVpZCI6IkVWU1c0UHRKUTZLejR3Wmo4QXpoN3ciLCJpc3MiOiJ3ZWIiLCJzayI6IjAiLCJzdHkiOjk5LCJ3Y2QiOiJ1czA2IiwiY2x0IjowLCJtbnVtIjoiODg2MDQ5MjQyODUiLCJleHAiOjE2NjMxMzA3OTksImlhdCI6MTY1NTM1NDc5OSwiYWlkIjoiUXRyZkYtZnZRQ2UyM1RwWlFncFpuQSIsImNpZCI6IiJ9.A3sPaBQuCyTlmrwQuyijBZQltbYz5W7ai2k4EfMt1_8','https://us06web.zoom.us/j/88604924285','2022-06-16 04:46:39'),(23,'Discussion','2022-06-16 15:15:00',83563716733,'jaseem@speechlogix.com','https://us06web.zoom.us/s/83563716733?zak=eyJ0eXAiOiJKV1QiLCJzdiI6IjAwMDAwMSIsInptX3NrbSI6InptX28ybSIsImFsZyI6IkhTMjU2In0.eyJhdWQiOiJjbGllbnRzbSIsInVpZCI6IjV6d3pfcGVYU2FDbnRrMk1hQlRzeVEiLCJpc3MiOiJ3ZWIiLCJzayI6IjAiLCJzdHkiOjk5LCJ3Y2QiOiJ1czA2IiwiY2x0IjowLCJtbnVtIjoiODM1NjM3MTY3MzMiLCJleHAiOjE2NjMxMzQyNTcsImlhdCI6MTY1NTM1ODI1NywiYWlkIjoiUXRyZkYtZnZRQ2UyM1RwWlFncFpuQSIsImNpZCI6IiJ9.pKvAyn_eX7W4mjk301RDaMjSjEI5zkRb4D7AJR6LXG4','https://us06web.zoom.us/j/83563716733','2022-06-16 05:44:17'),(24,'Discussion','2022-06-17 19:50:00',83635957690,'sibi@speechlogix.com','https://us06web.zoom.us/s/83635957690?zak=eyJ0eXAiOiJKV1QiLCJzdiI6IjAwMDAwMSIsInptX3NrbSI6InptX28ybSIsImFsZyI6IkhTMjU2In0.eyJhdWQiOiJjbGllbnRzbSIsInVpZCI6IkVWU1c0UHRKUTZLejR3Wmo4QXpoN3ciLCJpc3MiOiJ3ZWIiLCJzayI6IjAiLCJzdHkiOjk5LCJ3Y2QiOiJ1czA2IiwiY2x0IjowLCJtbnVtIjoiODM2MzU5NTc2OTAiLCJleHAiOjE2NjMyMTU2OTMsImlhdCI6MTY1NTQzOTY5MywiYWlkIjoiUXRyZkYtZnZRQ2UyM1RwWlFncFpuQSIsImNpZCI6IiJ9.iu-cinH-Qr9NttQTrkNojww2p5MRox8LEc5sS7oZa5Q','https://us06web.zoom.us/j/83635957690','2022-06-17 04:21:33'),(25,'Discussion','2022-06-17 16:30:00',87020817518,'jaseem@speechlogix.com','https://us06web.zoom.us/s/87020817518?zak=eyJ0eXAiOiJKV1QiLCJzdiI6IjAwMDAwMSIsInptX3NrbSI6InptX28ybSIsImFsZyI6IkhTMjU2In0.eyJhdWQiOiJjbGllbnRzbSIsInVpZCI6IjV6d3pfcGVYU2FDbnRrMk1hQlRzeVEiLCJpc3MiOiJ3ZWIiLCJzayI6IjAiLCJzdHkiOjk5LCJ3Y2QiOiJ1czA2IiwiY2x0IjowLCJtbnVtIjoiODcwMjA4MTc1MTgiLCJleHAiOjE2NjMyMzIzMzgsImlhdCI6MTY1NTQ1NjMzOCwiYWlkIjoiUXRyZkYtZnZRQ2UyM1RwWlFncFpuQSIsImNpZCI6IiJ9.kEspRyzH82Hw4OmOqJY6EsWtBky8Vqv8n2JaUZz9nJQ','https://us06web.zoom.us/j/87020817518','2022-06-17 08:58:58'),(26,'Green','2022-06-18 20:35:00',81921473991,'sibi@speechlogix.com','https://us06web.zoom.us/s/81921473991?zak=eyJ0eXAiOiJKV1QiLCJzdiI6IjAwMDAwMSIsInptX3NrbSI6InptX28ybSIsImFsZyI6IkhTMjU2In0.eyJhdWQiOiJjbGllbnRzbSIsInVpZCI6IkVWU1c0UHRKUTZLejR3Wmo4QXpoN3ciLCJpc3MiOiJ3ZWIiLCJzayI6IjAiLCJzdHkiOjk5LCJ3Y2QiOiJ1czA2IiwiY2x0IjowLCJtbnVtIjoiODE5MjE0NzM5OTEiLCJleHAiOjE2NjM0MjcxMTUsImlhdCI6MTY1NTY1MTExNSwiYWlkIjoiUXRyZkYtZnZRQ2UyM1RwWlFncFpuQSIsImNpZCI6IiJ9.YjkGsRTOJYur_5wN2-bzSUzP30gpLORyqwaJVjkVBwQ','https://us06web.zoom.us/j/81921473991','2022-06-19 15:05:15'),(28,'re','2022-06-19 23:36:00',86203324026,'sibi@speechlogix.com','https://us06web.zoom.us/s/86203324026?zak=eyJ0eXAiOiJKV1QiLCJzdiI6IjAwMDAwMSIsInptX3NrbSI6InptX28ybSIsImFsZyI6IkhTMjU2In0.eyJhdWQiOiJjbGllbnRzbSIsInVpZCI6IkVWU1c0UHRKUTZLejR3Wmo4QXpoN3ciLCJpc3MiOiJ3ZWIiLCJzayI6IjAiLCJzdHkiOjk5LCJ3Y2QiOiJ1czA2IiwiY2x0IjowLCJtbnVtIjoiODYyMDMzMjQwMjYiLCJleHAiOjE2NjM0MjcxNzEsImlhdCI6MTY1NTY1MTE3MSwiYWlkIjoiUXRyZkYtZnZRQ2UyM1RwWlFncFpuQSIsImNpZCI6IiJ9.OUnL9h9cmIkroQaD1pbuWvXL9gdsMt9UMb0YepvFODU','https://us06web.zoom.us/j/86203324026','2022-06-19 15:06:11'),(30,'tr','2022-06-20 20:36:00',85040386640,'sibi@speechlogix.com','https://us06web.zoom.us/s/85040386640?zak=eyJ0eXAiOiJKV1QiLCJzdiI6IjAwMDAwMSIsInptX3NrbSI6InptX28ybSIsImFsZyI6IkhTMjU2In0.eyJhdWQiOiJjbGllbnRzbSIsInVpZCI6IkVWU1c0UHRKUTZLejR3Wmo4QXpoN3ciLCJpc3MiOiJ3ZWIiLCJzayI6IjAiLCJzdHkiOjk5LCJ3Y2QiOiJ1czA2IiwiY2x0IjowLCJtbnVtIjoiODUwNDAzODY2NDAiLCJleHAiOjE2NjM0MjcyMDAsImlhdCI6MTY1NTY1MTIwMCwiYWlkIjoiUXRyZkYtZnZRQ2UyM1RwWlFncFpuQSIsImNpZCI6IiJ9.2o1PYA83wau5R434IxWqWbRp_8ygtKRMdP4g7ZEqG94','https://us06web.zoom.us/j/85040386640','2022-06-19 15:06:41'),(31,'InformalMeeting','2022-06-20 15:51:00',87001782759,'sibi@speechlogix.com','https://us06web.zoom.us/s/87001782759?zak=eyJ0eXAiOiJKV1QiLCJzdiI6IjAwMDAwMSIsInptX3NrbSI6InptX28ybSIsImFsZyI6IkhTMjU2In0.eyJhdWQiOiJjbGllbnRzbSIsInVpZCI6IkVWU1c0UHRKUTZLejR3Wmo4QXpoN3ciLCJpc3MiOiJ3ZWIiLCJzayI6IjAiLCJzdHkiOjk5LCJ3Y2QiOiJ1czA2IiwiY2x0IjowLCJtbnVtIjoiODcwMDE3ODI3NTkiLCJleHAiOjE2NjM1ODI4NzksImlhdCI6MTY1NTgwNjg3OSwiYWlkIjoiUXRyZkYtZnZRQ2UyM1RwWlFncFpuQSIsImNpZCI6IiJ9.t0s_GPUE7AsOW89ulq_Di_KdkhHQppuo9lIxThGR0Vg','https://us06web.zoom.us/j/87001782759','2022-06-21 10:21:19'),(32,'Test','2022-06-20 15:51:00',82285434174,'sibi@speechlogix.com','https://us06web.zoom.us/s/82285434174?zak=eyJ0eXAiOiJKV1QiLCJzdiI6IjAwMDAwMSIsInptX3NrbSI6InptX28ybSIsImFsZyI6IkhTMjU2In0.eyJhdWQiOiJjbGllbnRzbSIsInVpZCI6IkVWU1c0UHRKUTZLejR3Wmo4QXpoN3ciLCJpc3MiOiJ3ZWIiLCJzayI6IjAiLCJzdHkiOjk5LCJ3Y2QiOiJ1czA2IiwiY2x0IjowLCJtbnVtIjoiODIyODU0MzQxNzQiLCJleHAiOjE2NjM1ODI5MDYsImlhdCI6MTY1NTgwNjkwNiwiYWlkIjoiUXRyZkYtZnZRQ2UyM1RwWlFncFpuQSIsImNpZCI6IiJ9.t6aySlLuYi6fi48JCUqnYfFh9wsrLTRMnHHXyP8TchQ','https://us06web.zoom.us/j/82285434174','2022-06-21 10:21:46'),(33,'Test','2022-06-20 15:54:00',84143212248,'sibi@speechlogix.com','https://us06web.zoom.us/s/84143212248?zak=eyJ0eXAiOiJKV1QiLCJzdiI6IjAwMDAwMSIsInptX3NrbSI6InptX28ybSIsImFsZyI6IkhTMjU2In0.eyJhdWQiOiJjbGllbnRzbSIsInVpZCI6IkVWU1c0UHRKUTZLejR3Wmo4QXpoN3ciLCJpc3MiOiJ3ZWIiLCJzayI6IjAiLCJzdHkiOjk5LCJ3Y2QiOiJ1czA2IiwiY2x0IjowLCJtbnVtIjoiODQxNDMyMTIyNDgiLCJleHAiOjE2NjM1ODMxNzIsImlhdCI6MTY1NTgwNzE3MiwiYWlkIjoiUXRyZkYtZnZRQ2UyM1RwWlFncFpuQSIsImNpZCI6IiJ9.xgtHOYFCKE4u6BCtPkopRyqEVp6CicxIz-8TIEt8Dpo','https://us06web.zoom.us/j/84143212248','2022-06-21 10:26:12'),(34,'Hfgg','2022-06-20 15:55:00',84163807117,'sibi@speechlogix.com','https://us06web.zoom.us/s/84163807117?zak=eyJ0eXAiOiJKV1QiLCJzdiI6IjAwMDAwMSIsInptX3NrbSI6InptX28ybSIsImFsZyI6IkhTMjU2In0.eyJhdWQiOiJjbGllbnRzbSIsInVpZCI6IkVWU1c0UHRKUTZLejR3Wmo4QXpoN3ciLCJpc3MiOiJ3ZWIiLCJzayI6IjAiLCJzdHkiOjk5LCJ3Y2QiOiJ1czA2IiwiY2x0IjowLCJtbnVtIjoiODQxNjM4MDcxMTciLCJleHAiOjE2NjM1ODMxOTAsImlhdCI6MTY1NTgwNzE5MCwiYWlkIjoiUXRyZkYtZnZRQ2UyM1RwWlFncFpuQSIsImNpZCI6IiJ9.siULbY8QBvKTCVnUY2YWwlqdvg2Bud_PuC9tnVeuYk0','https://us06web.zoom.us/j/84163807117','2022-06-21 10:26:30'),(35,'Test time zone','2022-06-20 23:50:00',87274348670,'sibi@speechlogix.com','https://us06web.zoom.us/s/87274348670?zak=eyJ0eXAiOiJKV1QiLCJzdiI6IjAwMDAwMSIsInptX3NrbSI6InptX28ybSIsImFsZyI6IkhTMjU2In0.eyJhdWQiOiJjbGllbnRzbSIsInVpZCI6IkVWU1c0UHRKUTZLejR3Wmo4QXpoN3ciLCJpc3MiOiJ3ZWIiLCJzayI6IjAiLCJzdHkiOjk5LCJ3Y2QiOiJ1czA2IiwiY2x0IjowLCJtbnVtIjoiODcyNzQzNDg2NzAiLCJleHAiOjE2NjM1ODQyMTksImlhdCI6MTY1NTgwODIxOSwiYWlkIjoiUXRyZkYtZnZRQ2UyM1RwWlFncFpuQSIsImNpZCI6IiJ9.5yMrlrwoz6kADtmDPKrPG5P9x2e2apHnIQ-TL2bTE2g','https://us06web.zoom.us/j/87274348670','2022-06-21 10:43:39'),(38,'Time zone','2022-06-21 07:21:00',82507066311,'sibi@speechlogix.com','https://us06web.zoom.us/s/82507066311?zak=eyJ0eXAiOiJKV1QiLCJzdiI6IjAwMDAwMSIsInptX3NrbSI6InptX28ybSIsImFsZyI6IkhTMjU2In0.eyJhdWQiOiJjbGllbnRzbSIsInVpZCI6IkVWU1c0UHRKUTZLejR3Wmo4QXpoN3ciLCJpc3MiOiJ3ZWIiLCJzayI6IjAiLCJzdHkiOjk5LCJ3Y2QiOiJ1czA2IiwiY2x0IjowLCJtbnVtIjoiODI1MDcwNjYzMTEiLCJleHAiOjE2NjM1ODk1MjcsImlhdCI6MTY1NTgxMzUyNywiYWlkIjoiUXRyZkYtZnZRQ2UyM1RwWlFncFpuQSIsImNpZCI6IiJ9.7DeOA5-BpUp0d-ZKSUeLpNH8Vy3AfKir8VoNTxPZcs0','https://us06web.zoom.us/j/82507066311','2022-06-21 12:12:07'),(39,'Top','2022-06-23 11:39:00',87061659009,'jaseem@speechlogix.com','https://us06web.zoom.us/s/87061659009?zak=eyJ0eXAiOiJKV1QiLCJzdiI6IjAwMDAwMSIsInptX3NrbSI6InptX28ybSIsImFsZyI6IkhTMjU2In0.eyJhdWQiOiJjbGllbnRzbSIsInVpZCI6IjV6d3pfcGVYU2FDbnRrMk1hQlRzeVEiLCJpc3MiOiJ3ZWIiLCJzayI6IjAiLCJzdHkiOjk5LCJ3Y2QiOiJ1czA2IiwiY2x0IjowLCJtbnVtIjoiODcwNjE2NTkwMDkiLCJleHAiOjE2NjM2NTQwMDEsImlhdCI6MTY1NTg3ODAwMSwiYWlkIjoiUXRyZkYtZnZRQ2UyM1RwWlFncFpuQSIsImNpZCI6IiJ9.SqYQAH5Q3SgtTUK2IZung6M5WADZQsAc3IPMTVlnkXA','https://us06web.zoom.us/j/87061659009','2022-06-22 06:06:41'),(40,'Test','2022-06-22 11:47:00',86865852537,'sibi@speechlogix.com','https://us06web.zoom.us/s/86865852537?zak=eyJ0eXAiOiJKV1QiLCJzdiI6IjAwMDAwMSIsInptX3NrbSI6InptX28ybSIsImFsZyI6IkhTMjU2In0.eyJhdWQiOiJjbGllbnRzbSIsInVpZCI6IkVWU1c0UHRKUTZLejR3Wmo4QXpoN3ciLCJpc3MiOiJ3ZWIiLCJzayI6IjAiLCJzdHkiOjk5LCJ3Y2QiOiJ1czA2IiwiY2x0IjowLCJtbnVtIjoiODY4NjU4NTI1MzciLCJleHAiOjE2NjM2NTQ2MzgsImlhdCI6MTY1NTg3ODYzOCwiYWlkIjoiUXRyZkYtZnZRQ2UyM1RwWlFncFpuQSIsImNpZCI6IiJ9.n2zP2TfcI5CS16vWbpN3C4E5Qglc3GTRmEEDTIEFSg0','https://us06web.zoom.us/j/86865852537','2022-06-22 06:17:18'),(45,'Discussion ','2022-06-24 16:00:00',82398843055,'jaseem@speechlogix.com','https://us06web.zoom.us/s/82398843055?zak=eyJ0eXAiOiJKV1QiLCJzdiI6IjAwMDAwMSIsInptX3NrbSI6InptX28ybSIsImFsZyI6IkhTMjU2In0.eyJhdWQiOiJjbGllbnRzbSIsInVpZCI6IjV6d3pfcGVYU2FDbnRrMk1hQlRzeVEiLCJpc3MiOiJ3ZWIiLCJzayI6IjAiLCJzdHkiOjk5LCJ3Y2QiOiJ1czA2IiwiY2x0IjowLCJtbnVtIjoiODIzOTg4NDMwNTUiLCJleHAiOjE2NjM4NDIzNDcsImlhdCI6MTY1NjA2NjM0NywiYWlkIjoiUXRyZkYtZnZRQ2UyM1RwWlFncFpuQSIsImNpZCI6IiJ9.0UFZtzbPb6BbLPLK0nqi1pYfwytjOfk2veAaIxgDFcE','https://us06web.zoom.us/j/82398843055','2022-06-24 10:25:47'),(48,'Monthly review ','2022-06-29 16:01:00',85614148347,'jaseem@speechlogix.com','https://us06web.zoom.us/s/85614148347?zak=eyJ0eXAiOiJKV1QiLCJzdiI6IjAwMDAwMSIsInptX3NrbSI6InptX28ybSIsImFsZyI6IkhTMjU2In0.eyJhdWQiOiJjbGllbnRzbSIsInVpZCI6IjV6d3pfcGVYU2FDbnRrMk1hQlRzeVEiLCJpc3MiOiJ3ZWIiLCJzayI6IjAiLCJzdHkiOjk5LCJ3Y2QiOiJ1czA2IiwiY2x0IjowLCJtbnVtIjoiODU2MTQxNDgzNDciLCJleHAiOjE2NjQxOTM2OTAsImlhdCI6MTY1NjQxNzY5MCwiYWlkIjoiUXRyZkYtZnZRQ2UyM1RwWlFncFpuQSIsImNpZCI6IiJ9.u8RRZgxhCvPGkgMC7972D3wVDl8JbXPoo0HsZzdgtcs','https://us06web.zoom.us/j/85614148347','2022-06-28 12:01:30'),(49,'Today ','2022-06-28 18:40:00',81653495150,'jaseem@speechlogix.com','https://us06web.zoom.us/s/81653495150?zak=eyJ0eXAiOiJKV1QiLCJzdiI6IjAwMDAwMSIsInptX3NrbSI6InptX28ybSIsImFsZyI6IkhTMjU2In0.eyJhdWQiOiJjbGllbnRzbSIsInVpZCI6IjV6d3pfcGVYU2FDbnRrMk1hQlRzeVEiLCJpc3MiOiJ3ZWIiLCJzayI6IjAiLCJzdHkiOjk5LCJ3Y2QiOiJ1czA2IiwiY2x0IjowLCJtbnVtIjoiODE2NTM0OTUxNTAiLCJleHAiOjE2NjQxOTQwNjksImlhdCI6MTY1NjQxODA2OSwiYWlkIjoiUXRyZkYtZnZRQ2UyM1RwWlFncFpuQSIsImNpZCI6IiJ9.R0twBX5CNDzq6TwwDtLaaxCoVp5IILOPiViQWwV1X_g','https://us06web.zoom.us/j/81653495150','2022-06-28 12:07:49'),(50,'Weekly review ','2022-06-28 16:08:00',85406112561,'jaseem@speechlogix.com','https://us06web.zoom.us/s/85406112561?zak=eyJ0eXAiOiJKV1QiLCJzdiI6IjAwMDAwMSIsInptX3NrbSI6InptX28ybSIsImFsZyI6IkhTMjU2In0.eyJhdWQiOiJjbGllbnRzbSIsInVpZCI6IjV6d3pfcGVYU2FDbnRrMk1hQlRzeVEiLCJpc3MiOiJ3ZWIiLCJzayI6IjAiLCJzdHkiOjk5LCJ3Y2QiOiJ1czA2IiwiY2x0IjowLCJtbnVtIjoiODU0MDYxMTI1NjEiLCJleHAiOjE2NjQxOTQxMzYsImlhdCI6MTY1NjQxODEzNiwiYWlkIjoiUXRyZkYtZnZRQ2UyM1RwWlFncFpuQSIsImNpZCI6IiJ9.DWYV_J_tVztv7M8DpoNtwyRQWUiqVjUp5zTGNNGNC78','https://us06web.zoom.us/j/85406112561','2022-06-28 12:08:56'),(51,'Khalid','2022-06-30 18:30:00',83839664287,'jaseem@speechlogix.com','https://us06web.zoom.us/s/83839664287?zak=eyJ0eXAiOiJKV1QiLCJzdiI6IjAwMDAwMSIsInptX3NrbSI6InptX28ybSIsImFsZyI6IkhTMjU2In0.eyJhdWQiOiJjbGllbnRzbSIsInVpZCI6IjV6d3pfcGVYU2FDbnRrMk1hQlRzeVEiLCJpc3MiOiJ3ZWIiLCJzayI6IjAiLCJzdHkiOjk5LCJ3Y2QiOiJ1czA2IiwiY2x0IjowLCJtbnVtIjoiODM4Mzk2NjQyODciLCJleHAiOjE2NjQzNzQ5MzksImlhdCI6MTY1NjU5ODkzOSwiYWlkIjoiUXRyZkYtZnZRQ2UyM1RwWlFncFpuQSIsImNpZCI6IiJ9.Q7OOCFiUc5V5bJU8QwaPcGxk1TcRXOU9yjK3UBc4Pbs','https://us06web.zoom.us/j/83839664287','2022-06-30 14:22:19'),(52,'ZainCalls zoom','2022-07-03 11:13:00',88663078006,'jaseem@speechlogix.com','https://us06web.zoom.us/s/88663078006?zak=eyJ0eXAiOiJKV1QiLCJzdiI6IjAwMDAwMSIsInptX3NrbSI6InptX28ybSIsImFsZyI6IkhTMjU2In0.eyJhdWQiOiJjbGllbnRzbSIsInVpZCI6IjV6d3pfcGVYU2FDbnRrMk1hQlRzeVEiLCJpc3MiOiJ3ZWIiLCJzayI6IjAiLCJzdHkiOjk5LCJ3Y2QiOiJ1czA2IiwiY2x0IjowLCJtbnVtIjoiODg2NjMwNzgwMDYiLCJleHAiOjE2NjQ2MTIwNDUsImlhdCI6MTY1NjgzNjA0NSwiYWlkIjoiUXRyZkYtZnZRQ2UyM1RwWlFncFpuQSIsImNpZCI6IiJ9.Bq5_4-_4FSajuRYbeGS6YptoWME6nrjtQbX_U9v5QpE','https://us06web.zoom.us/j/88663078006','2022-07-03 08:14:05'),(53,'Zoom meeting ','2022-07-04 17:34:00',83704962584,'jaseem@speechlogix.com','https://us06web.zoom.us/s/83704962584?zak=eyJ0eXAiOiJKV1QiLCJzdiI6IjAwMDAwMSIsInptX3NrbSI6InptX28ybSIsImFsZyI6IkhTMjU2In0.eyJhdWQiOiJjbGllbnRzbSIsInVpZCI6IjV6d3pfcGVYU2FDbnRrMk1hQlRzeVEiLCJpc3MiOiJ3ZWIiLCJzayI6IjAiLCJzdHkiOjk5LCJ3Y2QiOiJ1czA2IiwiY2x0IjowLCJtbnVtIjoiODM3MDQ5NjI1ODQiLCJleHAiOjE2NjQ3MjEyNzgsImlhdCI6MTY1Njk0NTI3OCwiYWlkIjoiUXRyZkYtZnZRQ2UyM1RwWlFncFpuQSIsImNpZCI6IiJ9.h8_958JlzgtAtHjsyDpps2oer5p4_2felkiQCmX9_hM','https://us06web.zoom.us/j/83704962584','2022-07-04 14:34:38'),(54,'Zoom Test','2022-07-07 15:05:00',87902256340,'sibi@speechlogix.com','https://us06web.zoom.us/s/87902256340?zak=eyJ0eXAiOiJKV1QiLCJzdiI6IjAwMDAwMSIsInptX3NrbSI6InptX28ybSIsImFsZyI6IkhTMjU2In0.eyJhdWQiOiJjbGllbnRzbSIsInVpZCI6IkVWU1c0UHRKUTZLejR3Wmo4QXpoN3ciLCJpc3MiOiJ3ZWIiLCJzayI6IjAiLCJzdHkiOjk5LCJ3Y2QiOiJ1czA2IiwiY2x0IjowLCJtbnVtIjoiODc5MDIyNTYzNDAiLCJleHAiOjE2NjUwMDAxNjYsImlhdCI6MTY1NzIyNDE2NiwiYWlkIjoiUXRyZkYtZnZRQ2UyM1RwWlFncFpuQSIsImNpZCI6IiJ9.OVKOuXrOBtPAe5Ffz2eFfkXSM2ewj_-d_AJCW0_QMl4','https://us06web.zoom.us/j/87902256340','2022-07-07 20:02:46'),(55,'Zoom Test 2','2022-07-07 15:05:00',87882301512,'sibi@speechlogix.com','https://us06web.zoom.us/s/87882301512?zak=eyJ0eXAiOiJKV1QiLCJzdiI6IjAwMDAwMSIsInptX3NrbSI6InptX28ybSIsImFsZyI6IkhTMjU2In0.eyJhdWQiOiJjbGllbnRzbSIsInVpZCI6IkVWU1c0UHRKUTZLejR3Wmo4QXpoN3ciLCJpc3MiOiJ3ZWIiLCJzayI6IjAiLCJzdHkiOjk5LCJ3Y2QiOiJ1czA2IiwiY2x0IjowLCJtbnVtIjoiODc4ODIzMDE1MTIiLCJleHAiOjE2NjUwMDAzMzUsImlhdCI6MTY1NzIyNDMzNSwiYWlkIjoiUXRyZkYtZnZRQ2UyM1RwWlFncFpuQSIsImNpZCI6IiJ9.X4fGl1GjetoABycz_YWmyK0WNLN8dpxueCBwTY-_NgI','https://us06web.zoom.us/j/87882301512','2022-07-07 20:05:35'),(56,'Zoom Teat','2022-07-14 12:55:00',85713443834,'sibi@speechlogix.com','https://us06web.zoom.us/s/85713443834?zak=eyJ0eXAiOiJKV1QiLCJzdiI6IjAwMDAwMSIsInptX3NrbSI6InptX28ybSIsImFsZyI6IkhTMjU2In0.eyJhdWQiOiJjbGllbnRzbSIsInVpZCI6IkVWU1c0UHRKUTZLejR3Wmo4QXpoN3ciLCJpc3MiOiJ3ZWIiLCJzayI6IjAiLCJzdHkiOjk5LCJ3Y2QiOiJ1czA2IiwiY2x0IjowLCJtbnVtIjoiODU3MTM0NDM4MzQiLCJleHAiOjE2NjU1OTczMTYsImlhdCI6MTY1NzgyMTMxNiwiYWlkIjoiUXRyZkYtZnZRQ2UyM1RwWlFncFpuQSIsImNpZCI6IiJ9.b75rfHYrJf3n2LcIcOkURvK7XvtiAKusau1UdQfZ5Xw','https://us06web.zoom.us/j/85713443834','2022-07-14 17:55:16'),(57,'Test','2022-07-16 21:57:00',84177970110,'jaseem@speechlogix.com','https://us06web.zoom.us/s/84177970110?zak=eyJ0eXAiOiJKV1QiLCJzdiI6IjAwMDAwMSIsInptX3NrbSI6InptX28ybSIsImFsZyI6IkhTMjU2In0.eyJhdWQiOiJjbGllbnRzbSIsInVpZCI6IjV6d3pfcGVYU2FDbnRrMk1hQlRzeVEiLCJpc3MiOiJ3ZWIiLCJzayI6IjAiLCJzdHkiOjk5LCJ3Y2QiOiJ1czA2IiwiY2x0IjowLCJtbnVtIjoiODQxNzc5NzAxMTAiLCJleHAiOjE2NjU3NzM4MjQsImlhdCI6MTY1Nzk5NzgyNCwiYWlkIjoiUXRyZkYtZnZRQ2UyM1RwWlFncFpuQSIsImNpZCI6IiJ9.5HLn61F95nyW5Aneg1b_ae7X3qXPfbQDlqrm7j_J3t0','https://us06web.zoom.us/j/84177970110','2022-07-16 18:57:04'),(58,'Test ','2022-07-26 18:10:00',87547439300,'jaseem@speechlogix.com','https://us06web.zoom.us/s/87547439300?zak=eyJ0eXAiOiJKV1QiLCJzdiI6IjAwMDAwMSIsInptX3NrbSI6InptX28ybSIsImFsZyI6IkhTMjU2In0.eyJhdWQiOiJjbGllbnRzbSIsInVpZCI6IjV6d3pfcGVYU2FDbnRrMk1hQlRzeVEiLCJpc3MiOiJ3ZWIiLCJzayI6IjAiLCJzdHkiOjk5LCJ3Y2QiOiJ1czA2IiwiY2x0IjowLCJtbnVtIjoiODc1NDc0MzkzMDAiLCJleHAiOjE2NjY2NDk0NTUsImlhdCI6MTY1ODg3MzQ1NSwiYWlkIjoiUXRyZkYtZnZRQ2UyM1RwWlFncFpuQSIsImNpZCI6IiJ9.qsYOl-_5TwuCJ1kreuSG7H7UHyJr-67X5BMJFSxOz9c','https://us06web.zoom.us/j/87547439300','2022-07-26 22:10:55'),(59,'Test','2022-07-28 20:01:00',87342944185,'jaseem@speechlogix.com','https://us06web.zoom.us/s/87342944185?zak=eyJ0eXAiOiJKV1QiLCJzdiI6IjAwMDAwMSIsInptX3NrbSI6InptX28ybSIsImFsZyI6IkhTMjU2In0.eyJhdWQiOiJjbGllbnRzbSIsInVpZCI6IjV6d3pfcGVYU2FDbnRrMk1hQlRzeVEiLCJpc3MiOiJ3ZWIiLCJzayI6IjAiLCJzdHkiOjk5LCJ3Y2QiOiJ1czA2IiwiY2x0IjowLCJtbnVtIjoiODczNDI5NDQxODUiLCJleHAiOjE2NjY4Mjg4OTgsImlhdCI6MTY1OTA1Mjg5OCwiYWlkIjoiUXRyZkYtZnZRQ2UyM1RwWlFncFpuQSIsImNpZCI6IiJ9.50od3Y50TjQUYutcQG4d0uik6QcgMI9Wr3V6nm4Lsc4','https://us06web.zoom.us/j/87342944185','2022-07-29 00:01:38'),(60,'Tedt','2022-07-28 20:01:00',86747573753,'jaseem@speechlogix.com','https://us06web.zoom.us/s/86747573753?zak=eyJ0eXAiOiJKV1QiLCJzdiI6IjAwMDAwMSIsInptX3NrbSI6InptX28ybSIsImFsZyI6IkhTMjU2In0.eyJhdWQiOiJjbGllbnRzbSIsInVpZCI6IjV6d3pfcGVYU2FDbnRrMk1hQlRzeVEiLCJpc3MiOiJ3ZWIiLCJzayI6IjAiLCJzdHkiOjk5LCJ3Y2QiOiJ1czA2IiwiY2x0IjowLCJtbnVtIjoiODY3NDc1NzM3NTMiLCJleHAiOjE2NjY4Mjg5MTAsImlhdCI6MTY1OTA1MjkxMCwiYWlkIjoiUXRyZkYtZnZRQ2UyM1RwWlFncFpuQSIsImNpZCI6IiJ9.8fLVvTt_ufYkSRUeSIi3Np4N2xiClaXEJGeAVHYuhZw','https://us06web.zoom.us/j/86747573753','2022-07-29 00:01:50'),(62,'Test','2022-08-09 00:10:00',86372834901,'nedal@isv.speechlogix.com','https://us06web.zoom.us/s/86372834901?zak=eyJ0eXAiOiJKV1QiLCJzdiI6IjAwMDAwMSIsInptX3NrbSI6InptX28ybSIsImFsZyI6IkhTMjU2In0.eyJhdWQiOiJjbGllbnRzbSIsInVpZCI6IjUtQ1J2SUlaUTJhQmNrbGxxY0ktRWciLCJpc3MiOiJ3ZWIiLCJzayI6IjAiLCJzdHkiOjk5LCJ3Y2QiOiJ1czA2IiwiY2x0IjowLCJtbnVtIjoiODYzNzI4MzQ5MDEiLCJleHAiOjE2Njc3OTQwMDgsImlhdCI6MTY2MDAxODAwOCwiYWlkIjoiUXRyZkYtZnZRQ2UyM1RwWlFncFpuQSIsImNpZCI6IiJ9.hkRitHkgTzXHHEJ0Cr1SDXZvo_JUblF8u5RV2KJAgYs','https://us06web.zoom.us/j/86372834901','2022-08-09 04:06:48'),(64,'Test','2022-08-19 17:18:00',81463293971,'shabeeb@speechlogix.com','https://us06web.zoom.us/s/81463293971?zak=eyJ0eXAiOiJKV1QiLCJzdiI6IjAwMDAwMSIsInptX3NrbSI6InptX28ybSIsImFsZyI6IkhTMjU2In0.eyJhdWQiOiJjbGllbnRzbSIsInVpZCI6IkZHd0dYbWJuU3R5UHc2UmZCQXFObWciLCJpc3MiOiJ3ZWIiLCJzayI6IjAiLCJzdHkiOjk5LCJ3Y2QiOiJ1czA2IiwiY2x0IjowLCJtbnVtIjoiODE0NjMyOTM5NzEiLCJleHAiOjE2Njg1OTkzMjgsImlhdCI6MTY2MDgyMzMyOCwiYWlkIjoiUXRyZkYtZnZRQ2UyM1RwWlFncFpuQSIsImNpZCI6IiJ9._v8IONLdKaRz5YZ2WVFZCSZDitoI9Nq0foKURiryOYc','https://us06web.zoom.us/j/81463293971','2022-08-18 11:48:48'),(65,'Hi','2022-08-18 15:00:00',82352825396,'nedal@isv.speechlogix.com','https://us06web.zoom.us/s/82352825396?zak=eyJ0eXAiOiJKV1QiLCJzdiI6IjAwMDAwMSIsInptX3NrbSI6InptX28ybSIsImFsZyI6IkhTMjU2In0.eyJhdWQiOiJjbGllbnRzbSIsInVpZCI6IjUtQ1J2SUlaUTJhQmNrbGxxY0ktRWciLCJpc3MiOiJ3ZWIiLCJzayI6IjAiLCJzdHkiOjk5LCJ3Y2QiOiJ1czA2IiwiY2x0IjowLCJtbnVtIjoiODIzNTI4MjUzOTYiLCJleHAiOjE2Njg2MjE1ODYsImlhdCI6MTY2MDg0NTU4NiwiYWlkIjoiUXRyZkYtZnZRQ2UyM1RwWlFncFpuQSIsImNpZCI6IiJ9.wo5E2BiGsgxq6nQ2xwXjq4aIGPYQrfgBT5qTJmgHxZI','https://us06web.zoom.us/j/82352825396','2022-08-18 17:59:46'),(66,'Test','2022-08-23 16:24:00',83898196849,'shabeeb@speechlogix.com','https://us06web.zoom.us/s/83898196849?zak=eyJ0eXAiOiJKV1QiLCJzdiI6IjAwMDAwMSIsInptX3NrbSI6InptX28ybSIsImFsZyI6IkhTMjU2In0.eyJhdWQiOiJjbGllbnRzbSIsInVpZCI6IkZHd0dYbWJuU3R5UHc2UmZCQXFObWciLCJpc3MiOiJ3ZWIiLCJzayI6IjAiLCJzdHkiOjk5LCJ3Y2QiOiJ1czA2IiwiY2x0IjowLCJtbnVtIjoiODM4OTgxOTY4NDkiLCJleHAiOjE2NjkwMjgwODIsImlhdCI6MTY2MTI1MjA4MiwiYWlkIjoiUXRyZkYtZnZRQ2UyM1RwWlFncFpuQSIsImNpZCI6IiJ9.4nf3e5xrNaoSgDTnv6hXKqZTi5Gdm6aqXInf4P5xqJE','https://us06web.zoom.us/j/83898196849','2022-08-23 10:54:42'),(69,'Xlogix','2022-09-02 17:04:00',81049583853,'shabeeb@speechlogix.com','https://us06web.zoom.us/s/81049583853?zak=eyJ0eXAiOiJKV1QiLCJzdiI6IjAwMDAwMSIsInptX3NrbSI6InptX28ybSIsImFsZyI6IkhTMjU2In0.eyJhdWQiOiJjbGllbnRzbSIsInVpZCI6IkZHd0dYbWJuU3R5UHc2UmZCQXFObWciLCJpc3MiOiJ3ZWIiLCJzayI6IjAiLCJzdHkiOjk5LCJ3Y2QiOiJ1czA2IiwiY2x0IjowLCJtbnVtIjoiODEwNDk1ODM4NTMiLCJleHAiOjE2Njk2MzUzMDcsImlhdCI6MTY2MTg1OTMwNywiYWlkIjoiUXRyZkYtZnZRQ2UyM1RwWlFncFpuQSIsImNpZCI6IiJ9.wSs3KQZ3m1EH1N8pqhz_8JxRcgyqk6lCYXMbNMtaKgQ','https://us06web.zoom.us/j/81049583853','2022-08-30 11:35:07'),(70,'Discussion','2022-08-30 18:05:00',82455542004,'jaseem@speechlogix.com','https://us06web.zoom.us/s/82455542004?zak=eyJ0eXAiOiJKV1QiLCJzdiI6IjAwMDAwMSIsInptX3NrbSI6InptX28ybSIsImFsZyI6IkhTMjU2In0.eyJhdWQiOiJjbGllbnRzbSIsInVpZCI6IjV6d3pfcGVYU2FDbnRrMk1hQlRzeVEiLCJpc3MiOiJ3ZWIiLCJzayI6IjAiLCJzdHkiOjk5LCJ3Y2QiOiJ1czA2IiwiY2x0IjowLCJtbnVtIjoiODI0NTU1NDIwMDQiLCJleHAiOjE2Njk2MzUzNDgsImlhdCI6MTY2MTg1OTM0OCwiYWlkIjoiUXRyZkYtZnZRQ2UyM1RwWlFncFpuQSIsImNpZCI6IiJ9.w7reKxPHTAsVSCJfXyaxH03TDHe23jHFTpjiKxGRGjI','https://us06web.zoom.us/j/82455542004','2022-08-30 11:35:48'),(71,'Zoom integration','2022-09-05 17:07:00',83180082853,'shabeeb@speechlogix.com','https://us06web.zoom.us/s/83180082853?zak=eyJ0eXAiOiJKV1QiLCJzdiI6IjAwMDAwMSIsInptX3NrbSI6InptX28ybSIsImFsZyI6IkhTMjU2In0.eyJhdWQiOiJjbGllbnRzbSIsInVpZCI6IkZHd0dYbWJuU3R5UHc2UmZCQXFObWciLCJpc3MiOiJ3ZWIiLCJzayI6IjAiLCJzdHkiOjk5LCJ3Y2QiOiJ1czA2IiwiY2x0IjowLCJtbnVtIjoiODMxODAwODI4NTMiLCJleHAiOjE2Njk2MzU0NDUsImlhdCI6MTY2MTg1OTQ0NSwiYWlkIjoiUXRyZkYtZnZRQ2UyM1RwWlFncFpuQSIsImNpZCI6IiJ9.jUHZgObC7ugXz3pdMV32gEzqMacuVGesKdjCyQqQdKg','https://us06web.zoom.us/j/83180082853','2022-08-30 11:37:25'),(72,'Speechlogix Ejaye meeting','2022-08-30 18:30:00',88654387109,'rasheed@speechlogix.com','https://us06web.zoom.us/s/88654387109?zak=eyJ0eXAiOiJKV1QiLCJzdiI6IjAwMDAwMSIsInptX3NrbSI6InptX28ybSIsImFsZyI6IkhTMjU2In0.eyJhdWQiOiJjbGllbnRzbSIsInVpZCI6InZwRGhoMXRiUkYtcFRwTWl3VkJrU3ciLCJpc3MiOiJ3ZWIiLCJzayI6IjAiLCJzdHkiOjk5LCJ3Y2QiOiJ1czA2IiwiY2x0IjowLCJtbnVtIjoiODg2NTQzODcxMDkiLCJleHAiOjE2Njk2MzgwNjcsImlhdCI6MTY2MTg2MjA2NywiYWlkIjoiUXRyZkYtZnZRQ2UyM1RwWlFncFpuQSIsImNpZCI6IiJ9.R0gUWVCb1zCoxRiEgapqoW0G2Kqp2wcteyi5o1xX17Y','https://us06web.zoom.us/j/88654387109','2022-08-30 12:21:07'),(73,'Meeting','2022-08-30 18:45:00',88920178389,'jaseem@speechlogix.com','https://us06web.zoom.us/s/88920178389?zak=eyJ0eXAiOiJKV1QiLCJzdiI6IjAwMDAwMSIsInptX3NrbSI6InptX28ybSIsImFsZyI6IkhTMjU2In0.eyJhdWQiOiJjbGllbnRzbSIsInVpZCI6IjV6d3pfcGVYU2FDbnRrMk1hQlRzeVEiLCJpc3MiOiJ3ZWIiLCJzayI6IjAiLCJzdHkiOjk5LCJ3Y2QiOiJ1czA2IiwiY2x0IjowLCJtbnVtIjoiODg5MjAxNzgzODkiLCJleHAiOjE2Njk2MzgyMDksImlhdCI6MTY2MTg2MjIwOSwiYWlkIjoiUXRyZkYtZnZRQ2UyM1RwWlFncFpuQSIsImNpZCI6IiJ9.gny-PaSDKeROru__UicREKtJhKYud4CzEFMGt8GnAtc','https://us06web.zoom.us/j/88920178389','2022-08-30 12:23:29'),(74,'test','2022-08-30 18:45:00',88048734564,'sambhu@speechlogix.com','https://us06web.zoom.us/s/88048734564?zak=eyJ0eXAiOiJKV1QiLCJzdiI6IjAwMDAwMSIsInptX3NrbSI6InptX28ybSIsImFsZyI6IkhTMjU2In0.eyJhdWQiOiJjbGllbnRzbSIsInVpZCI6IklnZC0xN29LVFktc2kzNDUzck1NNHciLCJpc3MiOiJ3ZWIiLCJzayI6IjAiLCJzdHkiOjk5LCJ3Y2QiOiJ1czA2IiwiY2x0IjowLCJtbnVtIjoiODgwNDg3MzQ1NjQiLCJleHAiOjE2Njk2Mzk5OTAsImlhdCI6MTY2MTg2Mzk5MCwiYWlkIjoiUXRyZkYtZnZRQ2UyM1RwWlFncFpuQSIsImNpZCI6IiJ9.qqvnLCJPWz-nSayJ1VPE4tux1sZSkZRBV7Xg8RCLBqU','https://us06web.zoom.us/j/88048734564','2022-08-30 12:53:10'),(75,'test','2022-08-30 19:00:00',88595033211,'sibi@speechlogix.com','https://us06web.zoom.us/s/88595033211?zak=eyJ0eXAiOiJKV1QiLCJzdiI6IjAwMDAwMSIsInptX3NrbSI6InptX28ybSIsImFsZyI6IkhTMjU2In0.eyJhdWQiOiJjbGllbnRzbSIsInVpZCI6IkVWU1c0UHRKUTZLejR3Wmo4QXpoN3ciLCJpc3MiOiJ3ZWIiLCJzayI6IjAiLCJzdHkiOjk5LCJ3Y2QiOiJ1czA2IiwiY2x0IjowLCJtbnVtIjoiODg1OTUwMzMyMTEiLCJleHAiOjE2Njk2NDA4MjgsImlhdCI6MTY2MTg2NDgyOCwiYWlkIjoiUXRyZkYtZnZRQ2UyM1RwWlFncFpuQSIsImNpZCI6IiJ9.mYdBmoTL8sabNf1Z-i_yRFZfKMzmD0joVnF8XFkN4gk','https://us06web.zoom.us/j/88595033211','2022-08-30 13:07:08'),(76,'test 09:00 pm','2022-08-30 21:00:00',81848403261,'jaseem@speechlogix.com','https://us06web.zoom.us/s/81848403261?zak=eyJ0eXAiOiJKV1QiLCJzdiI6IjAwMDAwMSIsInptX3NrbSI6InptX28ybSIsImFsZyI6IkhTMjU2In0.eyJhdWQiOiJjbGllbnRzbSIsInVpZCI6IjV6d3pfcGVYU2FDbnRrMk1hQlRzeVEiLCJpc3MiOiJ3ZWIiLCJzayI6IjAiLCJzdHkiOjk5LCJ3Y2QiOiJ1czA2IiwiY2x0IjowLCJtbnVtIjoiODE4NDg0MDMyNjEiLCJleHAiOjE2Njk2NDE3ODIsImlhdCI6MTY2MTg2NTc4MiwiYWlkIjoiUXRyZkYtZnZRQ2UyM1RwWlFncFpuQSIsImNpZCI6IiJ9.SXUJm4Klvt5Dhs9haZINzrVo4lF6tLGq0jJuOZN3S4s','https://us06web.zoom.us/j/81848403261','2022-08-30 13:23:02'),(77,'test','2022-08-31 14:05:00',88399570272,'sibi@speechlogix.com','https://us06web.zoom.us/s/88399570272?zak=eyJ0eXAiOiJKV1QiLCJzdiI6IjAwMDAwMSIsInptX3NrbSI6InptX28ybSIsImFsZyI6IkhTMjU2In0.eyJhdWQiOiJjbGllbnRzbSIsInVpZCI6IkVWU1c0UHRKUTZLejR3Wmo4QXpoN3ciLCJpc3MiOiJ3ZWIiLCJzayI6IjAiLCJzdHkiOjk5LCJ3Y2QiOiJ1czA2IiwiY2x0IjowLCJtbnVtIjoiODgzOTk1NzAyNzIiLCJleHAiOjE2Njk2OTY1MTcsImlhdCI6MTY2MTkyMDUxNywiYWlkIjoiUXRyZkYtZnZRQ2UyM1RwWlFncFpuQSIsImNpZCI6IiJ9.QIap_686UrEsdKCWQdiMA46MP4V0Vv4k5_oFPuYgQTc','https://us06web.zoom.us/j/88399570272','2022-08-31 04:35:18'),(78,'test','2022-09-02 10:07:00',84450436662,'sibi@speechlogix.com','https://us06web.zoom.us/s/84450436662?zak=eyJ0eXAiOiJKV1QiLCJzdiI6IjAwMDAwMSIsInptX3NrbSI6InptX28ybSIsImFsZyI6IkhTMjU2In0.eyJhdWQiOiJjbGllbnRzbSIsInVpZCI6IkVWU1c0UHRKUTZLejR3Wmo4QXpoN3ciLCJpc3MiOiJ3ZWIiLCJzayI6IjAiLCJzdHkiOjk5LCJ3Y2QiOiJ1czA2IiwiY2x0IjowLCJtbnVtIjoiODQ0NTA0MzY2NjIiLCJleHAiOjE2Njk2OTY2NTksImlhdCI6MTY2MTkyMDY1OSwiYWlkIjoiUXRyZkYtZnZRQ2UyM1RwWlFncFpuQSIsImNpZCI6IiJ9.A9hBJ0QYgQyuRaB5ARuRBQfYSeUPVC9IzyFUdNPAZc8','https://us06web.zoom.us/j/84450436662','2022-08-31 04:37:40'),(79,'Discussion','2022-09-01 22:00:00',89988051230,'jaseem@speechlogix.com','https://us06web.zoom.us/s/89988051230?zak=eyJ0eXAiOiJKV1QiLCJzdiI6IjAwMDAwMSIsInptX3NrbSI6InptX28ybSIsImFsZyI6IkhTMjU2In0.eyJhdWQiOiJjbGllbnRzbSIsInVpZCI6IjV6d3pfcGVYU2FDbnRrMk1hQlRzeVEiLCJpc3MiOiJ3ZWIiLCJzayI6IjAiLCJzdHkiOjk5LCJ3Y2QiOiJ1czA2IiwiY2x0IjowLCJtbnVtIjoiODk5ODgwNTEyMzAiLCJleHAiOjE2Njk3ODYwOTUsImlhdCI6MTY2MjAxMDA5NSwiYWlkIjoiUXRyZkYtZnZRQ2UyM1RwWlFncFpuQSIsImNpZCI6IiJ9.gK4nshDzNoCcrT3xd7D99ORadtULffGhP3Uj0xWmyKo','https://us06web.zoom.us/j/89988051230','2022-09-01 05:28:15'),(80,'Discussion','2022-09-05 22:00:00',81206286140,'jaseem@speechlogix.com','https://us06web.zoom.us/s/81206286140?zak=eyJ0eXAiOiJKV1QiLCJzdiI6IjAwMDAwMSIsInptX3NrbSI6InptX28ybSIsImFsZyI6IkhTMjU2In0.eyJhdWQiOiJjbGllbnRzbSIsInVpZCI6IjV6d3pfcGVYU2FDbnRrMk1hQlRzeVEiLCJpc3MiOiJ3ZWIiLCJzayI6IjAiLCJzdHkiOjk5LCJ3Y2QiOiJ1czA2IiwiY2x0IjowLCJtbnVtIjoiODEyMDYyODYxNDAiLCJleHAiOjE2Njk4NzA0MDMsImlhdCI6MTY2MjA5NDQwMywiYWlkIjoiUXRyZkYtZnZRQ2UyM1RwWlFncFpuQSIsImNpZCI6IiJ9.DxNa9TRcdLVk4ynRByIV1u2Pwe88H6bRr9q4SVpzgTw','https://us06web.zoom.us/j/81206286140','2022-09-02 04:53:23'),(81,'test meeting','2022-09-20 10:20:00',89306068076,'sibi@speechlogix.com','https://us06web.zoom.us/s/89306068076?zak=eyJ0eXAiOiJKV1QiLCJzdiI6IjAwMDAwMSIsInptX3NrbSI6InptX28ybSIsImFsZyI6IkhTMjU2In0.eyJhdWQiOiJjbGllbnRzbSIsInVpZCI6IkVWU1c0UHRKUTZLejR3Wmo4QXpoN3ciLCJpc3MiOiJ3ZWIiLCJzayI6IjAiLCJzdHkiOjk5LCJ3Y2QiOiJ1czA2IiwiY2x0IjowLCJtbnVtIjoiODkzMDYwNjgwNzYiLCJleHAiOjE2NzAxMjk0NDYsImlhdCI6MTY2MjM1MzQ0NiwiYWlkIjoiUXRyZkYtZnZRQ2UyM1RwWlFncFpuQSIsImNpZCI6IiJ9.iVhFIdRxprBtiJca03JKYukl3MUqUbi6n6xt2U9yqm8','https://us06web.zoom.us/j/89306068076','2022-09-05 04:50:47'),(82,'Meeting','2022-09-08 11:10:00',83995233969,'jaseem@speechlogix.com','https://us06web.zoom.us/s/83995233969?zak=eyJ0eXAiOiJKV1QiLCJzdiI6IjAwMDAwMSIsInptX3NrbSI6InptX28ybSIsImFsZyI6IkhTMjU2In0.eyJhdWQiOiJjbGllbnRzbSIsInVpZCI6IjV6d3pfcGVYU2FDbnRrMk1hQlRzeVEiLCJpc3MiOiJ3ZWIiLCJzayI6IjAiLCJzdHkiOjk5LCJ3Y2QiOiJ1czA2IiwiY2x0IjowLCJtbnVtIjoiODM5OTUyMzM5NjkiLCJleHAiOjE2NzAzMDUxNzgsImlhdCI6MTY2MjUyOTE3OCwiYWlkIjoiUXRyZkYtZnZRQ2UyM1RwWlFncFpuQSIsImNpZCI6IiJ9.F06uVp5_PIoPEJeOR4aDYMviPn7Mqu15VfKb0V56tzo','https://us06web.zoom.us/j/83995233969','2022-09-07 05:39:39'),(83,'test','2022-09-13 14:17:00',89591138332,'jaseem@speechlogix.com','https://us06web.zoom.us/s/89591138332?zak=eyJ0eXAiOiJKV1QiLCJzdiI6IjAwMDAwMSIsInptX3NrbSI6InptX28ybSIsImFsZyI6IkhTMjU2In0.eyJhdWQiOiJjbGllbnRzbSIsInVpZCI6IjV6d3pfcGVYU2FDbnRrMk1hQlRzeVEiLCJpc3MiOiJ3ZWIiLCJzayI6IjAiLCJzdHkiOjk5LCJ3Y2QiOiJ1czA2IiwiY2x0IjowLCJtbnVtIjoiODk1OTExMzgzMzIiLCJleHAiOjE2NzA3NDg0MzYsImlhdCI6MTY2Mjk3MjQzNiwiYWlkIjoiUXRyZkYtZnZRQ2UyM1RwWlFncFpuQSIsImNpZCI6IiJ9.Gl14bxsA2td1jo5oSBRlWDVWnc6AcKhA-0APVk00ChU','https://us06web.zoom.us/j/89591138332','2022-09-12 08:47:16'),(84,'','2022-09-12 15:54:00',84693805773,'nedal@isv.speechlogix.com','https://us06web.zoom.us/s/84693805773?zak=eyJ0eXAiOiJKV1QiLCJzdiI6IjAwMDAwMSIsInptX3NrbSI6InptX28ybSIsImFsZyI6IkhTMjU2In0.eyJhdWQiOiJjbGllbnRzbSIsInVpZCI6IjUtQ1J2SUlaUTJhQmNrbGxxY0ktRWciLCJpc3MiOiJ3ZWIiLCJzayI6IjAiLCJzdHkiOjk5LCJ3Y2QiOiJ1czA2IiwiY2x0IjowLCJtbnVtIjoiODQ2OTM4MDU3NzMiLCJleHAiOjE2NzA3NjMyODgsImlhdCI6MTY2Mjk4NzI4OCwiYWlkIjoiUXRyZkYtZnZRQ2UyM1RwWlFncFpuQSIsImNpZCI6IiJ9.KP_3eoW3r10eag_1dIeyuMdHenSEAPWxlYovQTOKVmo','https://us06web.zoom.us/j/84693805773','2022-09-12 12:54:49'),(85,'test','2022-09-15 17:37:00',86439323035,'jaseem@isv.speechlogix.com','https://us06web.zoom.us/s/86439323035?zak=eyJ0eXAiOiJKV1QiLCJzdiI6IjAwMDAwMSIsInptX3NrbSI6InptX28ybSIsImFsZyI6IkhTMjU2In0.eyJhdWQiOiJjbGllbnRzbSIsInVpZCI6IjJtM2JzVVRjVEd1bU9HUmhxU1FHOFEiLCJpc3MiOiJ3ZWIiLCJzayI6IjAiLCJzdHkiOjk5LCJ3Y2QiOiJ1czA2IiwiY2x0IjowLCJtbnVtIjoiODY0MzkzMjMwMzUiLCJleHAiOjE2NzA4NDY4ODAsImlhdCI6MTY2MzA3MDg4MCwiYWlkIjoiUXRyZkYtZnZRQ2UyM1RwWlFncFpuQSIsImNpZCI6IiJ9.-jPKoEULJM9v4PCb514ruybGhfrJPZN4-lXh3zmCUBY','https://us06web.zoom.us/j/86439323035','2022-09-13 12:08:00'),(86,'test today','2022-09-13 18:40:00',82504964802,'jaseem@isv.speechlogix.com','https://us06web.zoom.us/s/82504964802?zak=eyJ0eXAiOiJKV1QiLCJzdiI6IjAwMDAwMSIsInptX3NrbSI6InptX28ybSIsImFsZyI6IkhTMjU2In0.eyJhdWQiOiJjbGllbnRzbSIsInVpZCI6IjJtM2JzVVRjVEd1bU9HUmhxU1FHOFEiLCJpc3MiOiJ3ZWIiLCJzayI6IjAiLCJzdHkiOjk5LCJ3Y2QiOiJ1czA2IiwiY2x0IjowLCJtbnVtIjoiODI1MDQ5NjQ4MDIiLCJleHAiOjE2NzA4NDcwMzEsImlhdCI6MTY2MzA3MTAzMSwiYWlkIjoiUXRyZkYtZnZRQ2UyM1RwWlFncFpuQSIsImNpZCI6IiJ9.Dx_Ra-2gNs4hNwFDaQo5A3laFJPfQLIX4I69oFh2cf4','https://us06web.zoom.us/j/82504964802','2022-09-13 12:10:31'),(87,'test','2022-09-14 20:51:00',85188941646,'jaseem@isv.speechlogix.com','https://us06web.zoom.us/s/85188941646?zak=eyJ0eXAiOiJKV1QiLCJzdiI6IjAwMDAwMSIsInptX3NrbSI6InptX28ybSIsImFsZyI6IkhTMjU2In0.eyJhdWQiOiJjbGllbnRzbSIsInVpZCI6IjJtM2JzVVRjVEd1bU9HUmhxU1FHOFEiLCJpc3MiOiJ3ZWIiLCJzayI6IjAiLCJzdHkiOjk5LCJ3Y2QiOiJ1czA2IiwiY2x0IjowLCJtbnVtIjoiODUxODg5NDE2NDYiLCJleHAiOjE2NzA5MjY5MjIsImlhdCI6MTY2MzE1MDkyMiwiYWlkIjoiUXRyZkYtZnZRQ2UyM1RwWlFncFpuQSIsImNpZCI6IiJ9.ATCx1k3__4_jca_WVujg_M1BW9XMJqNTiNfoXuFS5y8','https://us06web.zoom.us/j/85188941646','2022-09-14 10:22:03'),(88,'Meeting','2022-10-01 13:00:00',87144654969,'jaseem@isv.speechlogix.com','https://us06web.zoom.us/s/87144654969?zak=eyJ0eXAiOiJKV1QiLCJzdiI6IjAwMDAwMSIsInptX3NrbSI6InptX28ybSIsImFsZyI6IkhTMjU2In0.eyJhdWQiOiJjbGllbnRzbSIsInVpZCI6IjJtM2JzVVRjVEd1bU9HUmhxU1FHOFEiLCJpc3MiOiJ3ZWIiLCJzayI6IjAiLCJzdHkiOjk5LCJ3Y2QiOiJ1czA2IiwiY2x0IjowLCJtbnVtIjoiODcxNDQ2NTQ5NjkiLCJleHAiOjE2NzEwMDYyMjMsImlhdCI6MTY2MzIzMDIyMywiYWlkIjoiUXRyZkYtZnZRQ2UyM1RwWlFncFpuQSIsImNpZCI6IiJ9.j-jbY7UneyjwvcjmsKWN3bft44pRH0C7CTXAAngGUtE','https://us06web.zoom.us/j/87144654969','2022-09-15 08:23:43'),(89,'test','2022-09-19 20:39:00',82361160106,'jaseem@isv.speechlogix.com','https://us06web.zoom.us/s/82361160106?zak=eyJ0eXAiOiJKV1QiLCJzdiI6IjAwMDAwMSIsInptX3NrbSI6InptX28ybSIsImFsZyI6IkhTMjU2In0.eyJhdWQiOiJjbGllbnRzbSIsInVpZCI6IjJtM2JzVVRjVEd1bU9HUmhxU1FHOFEiLCJpc3MiOiJ3ZWIiLCJzayI6IjAiLCJzdHkiOjk5LCJ3Y2QiOiJ1czA2IiwiY2x0IjowLCJtbnVtIjoiODIzNjExNjAxMDYiLCJleHAiOjE2NzEzNDM3OTUsImlhdCI6MTY2MzU2Nzc5NSwiYWlkIjoiUXRyZkYtZnZRQ2UyM1RwWlFncFpuQSIsImNpZCI6IiJ9.bpn1D12sHvfnEPL5k2as9Frj4WouISeVH9h2KwUr5zA','https://us06web.zoom.us/j/82361160106','2022-09-19 06:09:55'),(90,'today','2022-09-26 20:17:00',86281738992,'jaseem@isv.speechlogix.com','https://us06web.zoom.us/s/86281738992?zak=eyJ0eXAiOiJKV1QiLCJzdiI6IjAwMDAwMSIsInptX3NrbSI6InptX28ybSIsImFsZyI6IkhTMjU2In0.eyJhdWQiOiJjbGllbnRzbSIsInVpZCI6IjJtM2JzVVRjVEd1bU9HUmhxU1FHOFEiLCJpc3MiOiJ3ZWIiLCJzayI6IjAiLCJzdHkiOjk5LCJ3Y2QiOiJ1czA2IiwiY2x0IjowLCJtbnVtIjoiODYyODE3Mzg5OTIiLCJleHAiOjE2NzE5NjE2ODIsImlhdCI6MTY2NDE4NTY4MiwiYWlkIjoiUXRyZkYtZnZRQ2UyM1RwWlFncFpuQSIsImNpZCI6IiJ9.SCIeFgLxOdMbDVJoangGkNa6wbpOnE-10s361K0K_2g','https://us06web.zoom.us/j/86281738992','2022-09-26 09:48:03'),(91,'test','2022-10-03 23:20:00',82237097279,'jaseem@isv.speechlogix.com','https://us06web.zoom.us/s/82237097279?zak=eyJ0eXAiOiJKV1QiLCJzdiI6IjAwMDAwMSIsInptX3NrbSI6InptX28ybSIsImFsZyI6IkhTMjU2In0.eyJhdWQiOiJjbGllbnRzbSIsInVpZCI6IjJtM2JzVVRjVEd1bU9HUmhxU1FHOFEiLCJpc3MiOiJ3ZWIiLCJzayI6IjAiLCJzdHkiOjk5LCJ3Y2QiOiJ1czA2IiwiY2x0IjowLCJtbnVtIjoiODIyMzcwOTcyNzkiLCJleHAiOjE2NzI0MTUyOTksImlhdCI6MTY2NDYzOTI5OSwiYWlkIjoiUXRyZkYtZnZRQ2UyM1RwWlFncFpuQSIsImNpZCI6IiJ9.BVRnMAqr-CeP6Q_kUfdhFu4JsBNT7cmmGIQ-NvRh3uY','https://us06web.zoom.us/j/82237097279','2022-10-01 15:48:20'),(92,'Pascoe lock','2022-10-03 22:55:00',83716955452,'jaseem@isv.speechlogix.com','https://us06web.zoom.us/s/83716955452?zak=eyJ0eXAiOiJKV1QiLCJzdiI6IjAwMDAwMSIsInptX3NrbSI6InptX28ybSIsImFsZyI6IkhTMjU2In0.eyJhdWQiOiJjbGllbnRzbSIsInVpZCI6IjJtM2JzVVRjVEd1bU9HUmhxU1FHOFEiLCJpc3MiOiJ3ZWIiLCJzayI6IjAiLCJzdHkiOjk5LCJ3Y2QiOiJ1czA2IiwiY2x0IjowLCJtbnVtIjoiODM3MTY5NTU0NTIiLCJleHAiOjE2NzI1ODY2NzEsImlhdCI6MTY2NDgxMDY3MSwiYWlkIjoiUXRyZkYtZnZRQ2UyM1RwWlFncFpuQSIsImNpZCI6IiJ9.BPmLDsAR3MVpedAprdnlWp6RayFf2Ygw9FFDIlSs5eY','https://us06web.zoom.us/j/83716955452?pwd=Q25HaGhjUjIwNkU3a25ocWNRSjNyUT09','2022-10-03 15:24:31'),(93,'test','2022-10-14 11:50:00',81172972686,'jaseem@isv.speechlogix.com','https://us06web.zoom.us/s/81172972686?zak=eyJ0eXAiOiJKV1QiLCJzdiI6IjAwMDAwMSIsInptX3NrbSI6InptX28ybSIsImFsZyI6IkhTMjU2In0.eyJhdWQiOiJjbGllbnRzbSIsInVpZCI6IjJtM2JzVVRjVEd1bU9HUmhxU1FHOFEiLCJpc3MiOiJ3ZWIiLCJzayI6IjAiLCJzdHkiOjk5LCJ3Y2QiOiJ1czA2IiwiY2x0IjowLCJtbnVtIjoiODExNzI5NzI2ODYiLCJleHAiOjE2NzM0MTgwNDIsImlhdCI6MTY2NTY0MjA0MiwiYWlkIjoiUXRyZkYtZnZRQ2UyM1RwWlFncFpuQSIsImNpZCI6IiJ9.v5QMDFv-IuUmuCUuzRdIlEEPUxPdGHDowOKwgdoAgMM','https://us06web.zoom.us/j/81172972686','2022-10-13 06:20:42'),(94,'test','2022-10-13 23:50:00',89691536524,'jaseem@isv.speechlogix.com','https://us06web.zoom.us/s/89691536524?zak=eyJ0eXAiOiJKV1QiLCJzdiI6IjAwMDAwMSIsInptX3NrbSI6InptX28ybSIsImFsZyI6IkhTMjU2In0.eyJhdWQiOiJjbGllbnRzbSIsInVpZCI6IjJtM2JzVVRjVEd1bU9HUmhxU1FHOFEiLCJpc3MiOiJ3ZWIiLCJzayI6IjAiLCJzdHkiOjk5LCJ3Y2QiOiJ1czA2IiwiY2x0IjowLCJtbnVtIjoiODk2OTE1MzY1MjQiLCJleHAiOjE2NzM0MTgwNTUsImlhdCI6MTY2NTY0MjA1NSwiYWlkIjoiUXRyZkYtZnZRQ2UyM1RwWlFncFpuQSIsImNpZCI6IiJ9.jVQb9c6DDwaKoHrVOfVtU5ECtf_xfUoiFeBcdRwbhsw','https://us06web.zoom.us/j/89691536524','2022-10-13 06:20:55');
/*!40000 ALTER TABLE `meeting` ENABLE KEYS */;
UNLOCK TABLES;

--
-- Table structure for table `user`
--

DROP TABLE IF EXISTS `user`;
/*!40101 SET @saved_cs_client     = @@character_set_client */;
/*!40101 SET character_set_client = utf8 */;
CREATE TABLE `user` (
  `user_id` int(11) NOT NULL AUTO_INCREMENT,
  `zoom_user_id` varchar(32) DEFAULT NULL,
  `email_id` varchar(40) DEFAULT NULL,
  `type` tinyint(1) DEFAULT 1,
  `date_created` datetime DEFAULT current_timestamp(),
  PRIMARY KEY (`user_id`)
) ENGINE=InnoDB AUTO_INCREMENT=23 DEFAULT CHARSET=utf8mb4;
/*!40101 SET character_set_client = @saved_cs_client */;

--
-- Dumping data for table `user`
--

LOCK TABLES `user` WRITE;
/*!40000 ALTER TABLE `user` DISABLE KEYS */;
INSERT INTO `user` VALUES (5,'VIAHrSjMSee9m6SG9KpRHA','test33@speechlogix.com',2,'2022-05-23 11:53:16'),(7,'EVSW4PtJQ6Kz4wZj8Azh7w','sibi@speechlogix.com',2,'2022-05-24 05:43:04'),(8,'5zwz_peXSaCntk2MaBTsyQ','jaseem@speechlogix.com',2,'2022-05-24 05:59:44'),(9,'vpDhh1tbRF-pTpMiwVBkSw','rasheed@speechlogix.com',2,'2022-05-24 11:30:32'),(10,'PiPUdDZ-QXWuVf2YawjIbg','test34@speechlogix.com',2,'2022-05-26 04:42:33'),(11,'null','test45@speechlogix.com',1,'2022-05-30 06:41:19'),(12,'null','aleena@speechlogix.com',1,'2022-06-13 10:44:50'),(14,'null','ios1@speechlogix.com',1,'2022-06-22 08:53:00'),(15,'7BS5Q7W1QcC4EEyCS21QxQ','test@isv.speechlogix.com',2,'2022-08-04 12:11:33'),(16,'2m3bsUTcTGumOGRhqSQG8Q','jaseem@isv.speechlogix.com',2,'2022-08-04 12:12:22'),(17,'lIMscdp9RUOFYlH1Zpa8mg','sibi@isv.speechlogix.com',2,'2022-08-04 12:12:51'),(19,'5-CRvIIZQ2aBckllqcI-Eg','nedal@isv.speechlogix.com',2,'2022-08-09 01:58:39'),(20,'FGwGXmbnStyPw6RfBAqNmg','shabeeb@speechlogix.com',2,'2022-08-10 16:36:36'),(21,'Igd-17oKTY-si3453rMM4w','sambhu@speechlogix.com',2,'2022-08-30 12:51:50');
/*!40000 ALTER TABLE `user` ENABLE KEYS */;
UNLOCK TABLES;
/*!40103 SET TIME_ZONE=@OLD_TIME_ZONE */;

/*!40101 SET SQL_MODE=@OLD_SQL_MODE */;
/*!40014 SET FOREIGN_KEY_CHECKS=@OLD_FOREIGN_KEY_CHECKS */;
/*!40014 SET UNIQUE_CHECKS=@OLD_UNIQUE_CHECKS */;
/*!40101 SET CHARACTER_SET_CLIENT=@OLD_CHARACTER_SET_CLIENT */;
/*!40101 SET CHARACTER_SET_RESULTS=@OLD_CHARACTER_SET_RESULTS */;
/*!40101 SET COLLATION_CONNECTION=@OLD_COLLATION_CONNECTION */;
/*!40111 SET SQL_NOTES=@OLD_SQL_NOTES */;

-- Dump completed on 2022-11-01 10:16:20
